Workbook

Sheet Raw
A1: ticket_id | B1: month | C1: team_id | D1: channel | E1: resolution_hours | F1: satisfaction
A2: 1 | B2: Jan | C2: T1 | D2: Email | E2: 12 | F2: 4
A3: 2 | B3: Jan | C3: T2 | D3: Chat | E3: 28 | F3: 3
A4: 3 | B4: Jan | C4: T3 | D4: Phone | E4: 36 | F4: 2
A5: 4 | B5: Jan | C5: T4 | D5: Email | E5: 20 | F5: 4
A6: 5 | B6: Feb | C6: T1 | D6: Chat | E6: 8 | F6: 5
A7: 6 | B7: Feb | C7: T2 | D7: Phone | E7: 30 | F7: 3
A8: 7 | B8: Feb | C8: T3 | D8: Email | E8: 18 | F8: 4
A9: 8 | B9: Feb | C9: T4 | D9: Chat | E9: 40 | F9: 2
A10: 9 | B10: Mar | C10: T1 | D10: Phone | E10: 16 | F10: 4
A11: 10 | B11: Mar | C11: T2 | D11: Email | E11: 22 | F11: 4
A12: 11 | B12: Mar | C12: T3 | D12: Chat | E12: 32 | F12: 3
A13: 12 | B13: Mar | C13: T4 | D13: Phone | E13: 24 | F13: 5
A14: 12 | B14: Mar | C14: T4 | D14: Phone | E14: 24 | F14: 5

Sheet Lookup
A1: team_id | B1: team | C1: department
A2: T1 | B2: AccountCare | C2: Service
A3: T2 | B3: BillingHelp | C3: Service
A4: T3 | B4: AppSupport | C4: Technical
A5: T4 | B5: DeviceHelp | C5: Technical

Sheet Clean
A1: ticket_id | B1: month | C1: team_id | D1: channel | E1: resolution_hours | F1: satisfaction | G1: department | H1: breach_flag | J1: Row Count Check
A2: 1 | B2: Jan | C2: T1 | D2: Email | E2: 12 | F2: 4 | G2: =INDEX(Lookup!$C$2:$C$5,MATCH(C2,Lookup!$A$2:$A$5,0)) -> Service | H2: =IF(E2>24,1,0) -> 0 | J2: Before cleaning | K2: 13
A3: 2 | B3: Jan | C3: T2 | D3: Chat | E3: 28 | F3: 3 | G3: =INDEX(Lookup!$C$2:$C$5,MATCH(C3,Lookup!$A$2:$A$5,0)) -> Service | H3: =IF(E3>24,1,0) -> 1 | J3: After cleaning | K3: 12
A4: 3 | B4: Jan | C4: T3 | D4: Phone | E4: 36 | F4: 2 | G4: =INDEX(Lookup!$C$2:$C$5,MATCH(C4,Lookup!$A$2:$A$5,0)) -> Technical | H4: =IF(E4>24,1,0) -> 1 | J4: Duplicates removed | K4: 1
A5: 4 | B5: Jan | C5: T4 | D5: Email | E5: 20 | F5: 4 | G5: =INDEX(Lookup!$C$2:$C$5,MATCH(C5,Lookup!$A$2:$A$5,0)) -> Technical | H5: =IF(E5>24,1,0) -> 0
A6: 5 | B6: Feb | C6: T1 | D6: Chat | E6: 8 | F6: 5 | G6: =INDEX(Lookup!$C$2:$C$5,MATCH(C6,Lookup!$A$2:$A$5,0)) -> Service | H6: =IF(E6>24,1,0) -> 0
A7: 6 | B7: Feb | C7: T2 | D7: Phone | E7: 30 | F7: 3 | G7: =INDEX(Lookup!$C$2:$C$5,MATCH(C7,Lookup!$A$2:$A$5,0)) -> Service | H7: =IF(E7>24,1,0) -> 1
A8: 7 | B8: Feb | C8: T3 | D8: Email | E8: 18 | F8: 4 | G8: =INDEX(Lookup!$C$2:$C$5,MATCH(C8,Lookup!$A$2:$A$5,0)) -> Technical | H8: =IF(E8>24,1,0) -> 0
A9: 8 | B9: Feb | C9: T4 | D9: Chat | E9: 40 | F9: 2 | G9: =INDEX(Lookup!$C$2:$C$5,MATCH(C9,Lookup!$A$2:$A$5,0)) -> Technical | H9: =IF(E9>24,1,0) -> 1
A10: 9 | B10: Mar | C10: T1 | D10: Phone | E10: 16 | F10: 4 | G10: =INDEX(Lookup!$C$2:$C$5,MATCH(C10,Lookup!$A$2:$A$5,0)) -> Service | H10: =IF(E10>24,1,0) -> 0
A11: 10 | B11: Mar | C11: T2 | D11: Email | E11: 22 | F11: 4 | G11: =INDEX(Lookup!$C$2:$C$5,MATCH(C11,Lookup!$A$2:$A$5,0)) -> Service | H11: =IF(E11>24,1,0) -> 0
A12: 11 | B12: Mar | C12: T3 | D12: Chat | E12: 32 | F12: 3 | G12: =INDEX(Lookup!$C$2:$C$5,MATCH(C12,Lookup!$A$2:$A$5,0)) -> Technical | H12: =IF(E12>24,1,0) -> 1
A13: 12 | B13: Mar | C13: T4 | D13: Phone | E13: 24 | F13: 5 | G13: =INDEX(Lookup!$C$2:$C$5,MATCH(C13,Lookup!$A$2:$A$5,0)) -> Technical | H13: =IF(E13>24,1,0) -> 0

Sheet Summary
A1: Ticket Analysis Summary
A3: Breached Tickets by Channel
A4: Channel | B4: Breached Tickets
A5: Email | B5: =COUNTIFS(Clean!$D$2:$D$13,A5,Clean!$H$2:$H$13,1) -> 0
A6: Chat | B6: =COUNTIFS(Clean!$D$2:$D$13,A6,Clean!$H$2:$H$13,1) -> 3
A7: Phone | B7: =COUNTIFS(Clean!$D$2:$D$13,A7,Clean!$H$2:$H$13,1) -> 2
A10: PivotTable – Average Resolution Hours
A11: Department | B11: Jan | C11: Feb | D11: Mar
A12: Service | B12: =IFERROR(AVERAGEIFS(Clean!$E$2:$E$13,Clean!$G$2:$G$13,$A12,Clean!$B$2:$B$13,B$11),"") -> 20 | C12: =IFERROR(AVERAGEIFS(Clean!$E$2:$E$13,Clean!$G$2:$G$13,$A12,Clean!$B$2:$B$13,C$11),"") -> 19 | D12: =IFERROR(AVERAGEIFS(Clean!$E$2:$E$13,Clean!$G$2:$G$13,$A12,Clean!$B$2:$B$13,D$11),"") -> 19
A13: Technical | B13: =IFERROR(AVERAGEIFS(Clean!$E$2:$E$13,Clean!$G$2:$G$13,$A13,Clean!$B$2:$B$13,B$11),"") -> 28 | C13: =IFERROR(AVERAGEIFS(Clean!$E$2:$E$13,Clean!$G$2:$G$13,$A13,Clean!$B$2:$B$13,C$11),"") -> 29 | D13: =IFERROR(AVERAGEIFS(Clean!$E$2:$E$13,Clean!$G$2:$G$13,$A13,Clean!$B$2:$B$13,D$11),"") -> 28
A19: ✓
A20: ✓
A21: ✓
A22: ✓
A23: ✓
A24: ✓
A25: ✓
A26: ✓
